"","sample","sample_interpretable","event","gene","cosmic_cgc_role_in_cancer","cosmic_cgc_tumour_types_somatic","cosmic_cgc_tumour_types_germline","location","mutation","mutation_status_in_sample","mutation_type","n_samples_mutation_is_present","sample_ids_mutation_is_present"
"1","PD53349c_hum","AM021b-X1_PDX","AC018755.2:chr19:51627942:C:A","AC018755.2",NA,NA,NA,"chr19:51627942","C:A","1","Public",2,"AM021b-X1_PDX, AM021b"
"2","PD53349c_hum","AM021b-X1_PDX","ACSM2B:chr16:20559322:A:G","ACSM2B",NA,NA,NA,"chr16:20559322","A:G","1","Public",2,"AM021b-X1_PDX, AM021b"
"3","PD53349c_hum","AM021b-X1_PDX","ADAM22:chr7:88181965:G:T","ADAM22",NA,NA,NA,"chr7:88181965","G:T","1","Public",2,"AM021b-X1_PDX, AM021b"
"4","PD53349c_hum","AM021b-X1_PDX","ADGRE1:chr19:6921802:G:T","ADGRE1",NA,NA,NA,"chr19:6921802","G:T","1","Public",2,"AM021b-X1_PDX, AM021b"
"5","PD53349c_hum","AM021b-X1_PDX","AHNAK2:chr14:104938902:C:T","AHNAK2",NA,NA,NA,"chr14:104938902","C:T","1","Public",2,"AM021b-X1_PDX, AM021b"
"6","PD53349c_hum","AM021b-X1_PDX","AJM1:chr9:136845883:C:T","AJM1",NA,NA,NA,"chr9:136845883","C:T","1","Public",2,"AM021b-X1_PDX, AM021b"
"7","PD53349c_hum","AM021b-X1_PDX","ANKHD1-EIF4EBP3:chr5:140529476:T:C","ANKHD1-EIF4EBP3",NA,NA,NA,"chr5:140529476","T:C","1","Public",2,"AM021b-X1_PDX, AM021b"
"8","PD53349c_hum","AM021b-X1_PDX","ANKHD1:chr5:140529476:T:C","ANKHD1",NA,NA,NA,"chr5:140529476","T:C","1","Public",2,"AM021b-X1_PDX, AM021b"
"9","PD53349c_hum","AM021b-X1_PDX","ANLN:chr7:36417179:A:T","ANLN",NA,NA,NA,"chr7:36417179","A:T","1","Public",2,"AM021b-X1_PDX, AM021b"
"10","PD53349c_hum","AM021b-X1_PDX","ARF6:chr14:49893868:T:C","ARF6",NA,NA,NA,"chr14:49893868","T:C","1","Public",2,"AM021b-X1_PDX, AM021b"
"11","PD53349c_hum","AM021b-X1_PDX","ARMC5:chr16:31465852:G:T","ARMC5",NA,NA,NA,"chr16:31465852","G:T","1","Public",2,"AM021b-X1_PDX, AM021b"
"12","PD53349c_hum","AM021b-X1_PDX","AUTS2:chr7:70790918:C:A","AUTS2",NA,NA,NA,"chr7:70790918","C:A","1","Public",2,"AM021b-X1_PDX, AM021b"
"13","PD53349c_hum","AM021b-X1_PDX","B3GALT1:chr2:167869680:G:T","B3GALT1",NA,NA,NA,"chr2:167869680","G:T","1","Public",2,"AM021b-X1_PDX, AM021b"
"14","PD53349c_hum","AM021b-X1_PDX","BCL2L13:chr22:17727452:C:G","BCL2L13",NA,NA,NA,"chr22:17727452","C:G","1","Public",2,"AM021b-X1_PDX, AM021b"
"15","PD53349c_hum","AM021b-X1_PDX","C2CD2L:chr11:119114269:C:T","C2CD2L",NA,NA,NA,"chr11:119114269","C:T","1","Public",2,"AM021b-X1_PDX, AM021b"
"16","PD53349c_hum","AM021b-X1_PDX","CACNA1E:chr1:181758853:C:T","CACNA1E",NA,NA,NA,"chr1:181758853","C:T","1","Public",2,"AM021b-X1_PDX, AM021b"
"17","PD53349c_hum","AM021b-X1_PDX","CASS4:chr20:56458634:G:A","CASS4",NA,NA,NA,"chr20:56458634","G:A","1","Public",2,"AM021b-X1_PDX, AM021b"
"18","PD53349c_hum","AM021b-X1_PDX","CEP350:chr1:179996565:T:C","CEP350",NA,NA,NA,"chr1:179996565","T:C","1","Public",2,"AM021b-X1_PDX, AM021b"
"19","PD53349c_hum","AM021b-X1_PDX","CFHR5:chr1:196996137:A:G","CFHR5",NA,NA,NA,"chr1:196996137","A:G","1","Public",2,"AM021b-X1_PDX, AM021b"
"20","PD53349c_hum","AM021b-X1_PDX","CGN:chr1:151520173:C:A","CGN",NA,NA,NA,"chr1:151520173","C:A","1","Public",2,"AM021b-X1_PDX, AM021b"
"21","PD53349c_hum","AM021b-X1_PDX","CNOT6:chr5:180574025:T:C","CNOT6",NA,NA,NA,"chr5:180574025","T:C","1","Public",2,"AM021b-X1_PDX, AM021b"
"22","PD53349c_hum","AM021b-X1_PDX","COBL:chr7:51028607:C:A","COBL",NA,NA,NA,"chr7:51028607","C:A","1","Public",2,"AM021b-X1_PDX, AM021b"
"23","PD53349c_hum","AM021b-X1_PDX","CRAMP1:chr16:1666156:C:T","CRAMP1",NA,NA,NA,"chr16:1666156","C:T","1","Public",2,"AM021b-X1_PDX, AM021b"
"24","PD53349c_hum","AM021b-X1_PDX","CSGALNACT1:chr8:19505364:G:C","CSGALNACT1",NA,NA,NA,"chr8:19505364","G:C","1","Public",2,"AM021b-X1_PDX, AM021b"
"25","PD53349c_hum","AM021b-X1_PDX","CWH43:chr4:48988534:T:C","CWH43",NA,NA,NA,"chr4:48988534","T:C","1","Public",2,"AM021b-X1_PDX, AM021b"
"26","PD53349c_hum","AM021b-X1_PDX","DCHS1:chr11:6623744:G:A","DCHS1",NA,NA,NA,"chr11:6623744","G:A","1","Public",2,"AM021b-X1_PDX, AM021b"
"27","PD53349c_hum","AM021b-X1_PDX","DHX37:chr12:124954190:CTC:-","DHX37",NA,NA,NA,"chr12:124954190","CTC:-","1","Public",2,"AM021b-X1_PDX, AM021b"
"28","PD53349c_hum","AM021b-X1_PDX","DNAH9:chr17:11894484:G:C","DNAH9",NA,NA,NA,"chr17:11894484","G:C","1","Public",2,"AM021b-X1_PDX, AM021b"
"29","PD53349c_hum","AM021b-X1_PDX","ECI2:chr6:4126178:C:T","ECI2",NA,NA,NA,"chr6:4126178","C:T","1","Public",2,"AM021b-X1_PDX, AM021b"
"30","PD53349c_hum","AM021b-X1_PDX","ECI2:chr6:4127761:C:T","ECI2",NA,NA,NA,"chr6:4127761","C:T","1","Public",2,"AM021b-X1_PDX, AM021b"
"31","PD53349c_hum","AM021b-X1_PDX","EIF3A:chr10:119037239:C:T","EIF3A",NA,NA,NA,"chr10:119037239","C:T","1","Public",2,"AM021b-X1_PDX, AM021b"
"32","PD53349c_hum","AM021b-X1_PDX","FAAP100:chr17:81550864:G:A","FAAP100",NA,NA,NA,"chr17:81550864","G:A","1","Public",2,"AM021b-X1_PDX, AM021b"
"33","PD53349c_hum","AM021b-X1_PDX","FAM217A:chr6:4069116:C:T","FAM217A",NA,NA,NA,"chr6:4069116","C:T","1","Public",2,"AM021b-X1_PDX, AM021b"
"34","PD53349c_hum","AM021b-X1_PDX","FBXL2:chr3:33384193:C:T","FBXL2",NA,NA,NA,"chr3:33384193","C:T","1","Public",2,"AM021b-X1_PDX, AM021b"
"35","PD53349c_hum","AM021b-X1_PDX","FKBP6:chr7:73331763:T:G","FKBP6",NA,NA,NA,"chr7:73331763","T:G","1","Public",2,"AM021b-X1_PDX, AM021b"
"36","PD53349c_hum","AM021b-X1_PDX","FRAS1:chr4:78438913:T:C","FRAS1",NA,NA,NA,"chr4:78438913","T:C","1","Public",2,"AM021b-X1_PDX, AM021b"
"37","PD53349c_hum","AM021b-X1_PDX","GAL3ST3:chr11:66042627:C:A","GAL3ST3",NA,NA,NA,"chr11:66042627","C:A","1","Public",2,"AM021b-X1_PDX, AM021b"
"38","PD53349c_hum","AM021b-X1_PDX","GALNT14:chr2:30924789:G:A","GALNT14",NA,NA,NA,"chr2:30924789","G:A","1","Public",2,"AM021b-X1_PDX, AM021b"
"39","PD53349c_hum","AM021b-X1_PDX","GBF1:chr10:102370828:C:T","GBF1",NA,NA,NA,"chr10:102370828","C:T","1","Public",2,"AM021b-X1_PDX, AM021b"
"40","PD53349c_hum","AM021b-X1_PDX","H1-4:chr6:26157033:G:A","H1-4",NA,NA,NA,"chr6:26157033","G:A","1","Public",2,"AM021b-X1_PDX, AM021b"
"41","PD53349c_hum","AM021b-X1_PDX","HAS1:chr19:51714086:G:A","HAS1",NA,NA,NA,"chr19:51714086","G:A","1","Public",2,"AM021b-X1_PDX, AM021b"
"42","PD53349c_hum","AM021b-X1_PDX","HSPE1-MOB4:chr2:197501187:A:G","HSPE1-MOB4",NA,NA,NA,"chr2:197501187","A:G","1","Public",2,"AM021b-X1_PDX, AM021b"
"43","PD53349c_hum","AM021b-X1_PDX","HSPE1:chr2:197501187:A:G","HSPE1",NA,NA,NA,"chr2:197501187","A:G","1","Public",2,"AM021b-X1_PDX, AM021b"
"44","PD53349c_hum","AM021b-X1_PDX","IL1R1:chr2:102164859:T:C","IL1R1",NA,NA,NA,"chr2:102164859","T:C","1","Public",2,"AM021b-X1_PDX, AM021b"
"45","PD53349c_hum","AM021b-X1_PDX","ISG20L2:chr1:156724202:A:G","ISG20L2",NA,NA,NA,"chr1:156724202","A:G","1","Public",2,"AM021b-X1_PDX, AM021b"
"46","PD53349c_hum","AM021b-X1_PDX","JMY:chr5:79237294:C:T","JMY",NA,NA,NA,"chr5:79237294","C:T","1","Public",2,"AM021b-X1_PDX, AM021b"
"47","PD53349c_hum","AM021b-X1_PDX","KIF5B:chr10:32055955:A:G","KIF5B","fusion","NSCLC, Spitzoid tumour","","chr10:32055955","A:G","1","Public",2,"AM021b-X1_PDX, AM021b"
"48","PD53349c_hum","AM021b-X1_PDX","KRAS:chr12:25245321:G:T","KRAS","oncogene","pancreatic, colorectal, lung, thyroid, AML, other tumour types","","chr12:25245321","G:T","1","Public",2,"AM021b-X1_PDX, AM021b"
"49","PD53349c_hum","AM021b-X1_PDX","KY:chr3:134610345:G:T","KY",NA,NA,NA,"chr3:134610345","G:T","1","Public",2,"AM021b-X1_PDX, AM021b"
"50","PD53349c_hum","AM021b-X1_PDX","LEMD1:chr1:205384340:G:A","LEMD1",NA,NA,NA,"chr1:205384340","G:A","1","Public",2,"AM021b-X1_PDX, AM021b"
"51","PD53349c_hum","AM021b-X1_PDX","LRTM2:chr12:1834688:C:T","LRTM2",NA,NA,NA,"chr12:1834688","C:T","1","Public",2,"AM021b-X1_PDX, AM021b"
"52","PD53349c_hum","AM021b-X1_PDX","MED14:chrX:40655008:A:T","MED14",NA,NA,NA,"chrX:40655008","A:T","1","Public",2,"AM021b-X1_PDX, AM021b"
"53","PD53349c_hum","AM021b-X1_PDX","MEGF8:chr19:42335189:C:T","MEGF8",NA,NA,NA,"chr19:42335189","C:T","1","Public",2,"AM021b-X1_PDX, AM021b"
"54","PD53349c_hum","AM021b-X1_PDX","MMAB:chr12:109561456:G:A","MMAB",NA,NA,NA,"chr12:109561456","G:A","1","Public",2,"AM021b-X1_PDX, AM021b"
"55","PD53349c_hum","AM021b-X1_PDX","MUC2:chr11:1081673:C:G","MUC2",NA,NA,NA,"chr11:1081673","C:G","1","Public",2,"AM021b-X1_PDX, AM021b"
"56","PD53349c_hum","AM021b-X1_PDX","NBAS:chr2:15275591:A:G","NBAS",NA,NA,NA,"chr2:15275591","A:G","1","Public",2,"AM021b-X1_PDX, AM021b"
"57","PD53349c_hum","AM021b-X1_PDX","NEBL:chr10:20785796:G:A","NEBL",NA,NA,NA,"chr10:20785796","G:A","1","Public",2,"AM021b-X1_PDX, AM021b"
"58","PD53349c_hum","AM021b-X1_PDX","NOD2:chr16:50711066:G:C","NOD2",NA,NA,NA,"chr16:50711066","G:C","1","Public",2,"AM021b-X1_PDX, AM021b"
"59","PD53349c_hum","AM021b-X1_PDX","NOP2:chr12:6563922:G:A","NOP2",NA,NA,NA,"chr12:6563922","G:A","1","Public",2,"AM021b-X1_PDX, AM021b"
"60","PD53349c_hum","AM021b-X1_PDX","NSUN3:chr3:94084140:T:C","NSUN3",NA,NA,NA,"chr3:94084140","T:C","1","Public",2,"AM021b-X1_PDX, AM021b"
"61","PD53349c_hum","AM021b-X1_PDX","OAS1:chr12:112911083:C:A","OAS1",NA,NA,NA,"chr12:112911083","C:A","1","Public",2,"AM021b-X1_PDX, AM021b"
"62","PD53349c_hum","AM021b-X1_PDX","OR1A2:chr17:3197904:C:A","OR1A2",NA,NA,NA,"chr17:3197904","C:A","1","Public",2,"AM021b-X1_PDX, AM021b"
"63","PD53349c_hum","AM021b-X1_PDX","PAPOLG:chr2:60794100:G:C","PAPOLG",NA,NA,NA,"chr2:60794100","G:C","1","Public",2,"AM021b-X1_PDX, AM021b"
"64","PD53349c_hum","AM021b-X1_PDX","PCDHB16:chr5:141184759:G:T","PCDHB16",NA,NA,NA,"chr5:141184759","G:T","1","Public",2,"AM021b-X1_PDX, AM021b"
"65","PD53349c_hum","AM021b-X1_PDX","PCLO:chr7:83154876:A:G","PCLO",NA,NA,NA,"chr7:83154876","A:G","1","Public",2,"AM021b-X1_PDX, AM021b"
"66","PD53349c_hum","AM021b-X1_PDX","PJA1:chrX:69161336:A:C","PJA1",NA,NA,NA,"chrX:69161336","A:C","1","Public",2,"AM021b-X1_PDX, AM021b"
"67","PD53349c_hum","AM021b-X1_PDX","PKNOX2:chr11:125385618:T:C","PKNOX2",NA,NA,NA,"chr11:125385618","T:C","1","Public",2,"AM021b-X1_PDX, AM021b"
"68","PD53349c_hum","AM021b-X1_PDX","PTK2B:chr8:27432320:G:T","PTK2B",NA,NA,NA,"chr8:27432320","G:T","1","Public",2,"AM021b-X1_PDX, AM021b"
"69","PD53349c_hum","AM021b-X1_PDX","RABGGTA:chr14:24267694:T:C","RABGGTA",NA,NA,NA,"chr14:24267694","T:C","1","Public",2,"AM021b-X1_PDX, AM021b"
"70","PD53349c_hum","AM021b-X1_PDX","RPL38:chr17:74204142:G:T","RPL38",NA,NA,NA,"chr17:74204142","G:T","1","Public",2,"AM021b-X1_PDX, AM021b"
"71","PD53349c_hum","AM021b-X1_PDX","RPRD1A:chr18:36026986:C:A","RPRD1A",NA,NA,NA,"chr18:36026986","C:A","1","Public",2,"AM021b-X1_PDX, AM021b"
"72","PD53349c_hum","AM021b-X1_PDX","SAFB2:chr19:5622585:T:A","SAFB2",NA,NA,NA,"chr19:5622585","T:A","1","Public",2,"AM021b-X1_PDX, AM021b"
"73","PD53349c_hum","AM021b-X1_PDX","SHBG:chr17:7631228:T:C","SHBG",NA,NA,NA,"chr17:7631228","T:C","1","Public",2,"AM021b-X1_PDX, AM021b"
"74","PD53349c_hum","AM021b-X1_PDX","SIGLEC5:chr19:51627942:C:A","SIGLEC5",NA,NA,NA,"chr19:51627942","C:A","1","Public",2,"AM021b-X1_PDX, AM021b"
"75","PD53349c_hum","AM021b-X1_PDX","SLC12A3:chr16:56880219:G:A","SLC12A3",NA,NA,NA,"chr16:56880219","G:A","1","Public",2,"AM021b-X1_PDX, AM021b"
"76","PD53349c_hum","AM021b-X1_PDX","SLC6A18:chr5:1235569:T:C","SLC6A18",NA,NA,NA,"chr5:1235569","T:C","1","Public",2,"AM021b-X1_PDX, AM021b"
"77","PD53349c_hum","AM021b-X1_PDX","SNTN:chr3:63663742:A:G","SNTN",NA,NA,NA,"chr3:63663742","A:G","1","Public",2,"AM021b-X1_PDX, AM021b"
"78","PD53349c_hum","AM021b-X1_PDX","SOS1:chr2:38986177:G:A","SOS1",NA,NA,NA,"chr2:38986177","G:A","1","Public",2,"AM021b-X1_PDX, AM021b"
"79","PD53349c_hum","AM021b-X1_PDX","SOX30:chr5:157646767:A:G","SOX30",NA,NA,NA,"chr5:157646767","A:G","1","Public",2,"AM021b-X1_PDX, AM021b"
"80","PD53349c_hum","AM021b-X1_PDX","TAS1R2:chr1:18840074:A:G","TAS1R2",NA,NA,NA,"chr1:18840074","A:G","1","Public",2,"AM021b-X1_PDX, AM021b"
"81","PD53349c_hum","AM021b-X1_PDX","TENM3:chr4:182754471:C:A","TENM3",NA,NA,NA,"chr4:182754471","C:A","1","Public",2,"AM021b-X1_PDX, AM021b"
"82","PD53349c_hum","AM021b-X1_PDX","TERB1:chr16:66754978:A:G","TERB1",NA,NA,NA,"chr16:66754978","A:G","1","Public",2,"AM021b-X1_PDX, AM021b"
"83","PD53349c_hum","AM021b-X1_PDX","TEX14:chr17:58579727:G:A","TEX14",NA,NA,NA,"chr17:58579727","G:A","1","Public",2,"AM021b-X1_PDX, AM021b"
"84","PD53349c_hum","AM021b-X1_PDX","TGM6:chr20:2403606:A:G","TGM6",NA,NA,NA,"chr20:2403606","A:G","1","Public",2,"AM021b-X1_PDX, AM021b"
"85","PD53349c_hum","AM021b-X1_PDX","TNFRSF6B:chr20:63697083:C:G","TNFRSF6B",NA,NA,NA,"chr20:63697083","C:G","1","Public",2,"AM021b-X1_PDX, AM021b"
"86","PD53349c_hum","AM021b-X1_PDX","TPO:chr2:1414449:C:A","TPO",NA,NA,NA,"chr2:1414449","C:A","1","Public",2,"AM021b-X1_PDX, AM021b"
"87","PD53349c_hum","AM021b-X1_PDX","TPP1:chr11:6617630:T:C","TPP1",NA,NA,NA,"chr11:6617630","T:C","1","Public",2,"AM021b-X1_PDX, AM021b"
"88","PD53349c_hum","AM021b-X1_PDX","TRAF3IP3:chr1:209775447:G:T","TRAF3IP3",NA,NA,NA,"chr1:209775447","G:T","1","Public",2,"AM021b-X1_PDX, AM021b"
"89","PD53349c_hum","AM021b-X1_PDX","TRIL:chr7:28957322:T:C","TRIL",NA,NA,NA,"chr7:28957322","T:C","1","Public",2,"AM021b-X1_PDX, AM021b"
"90","PD53349c_hum","AM021b-X1_PDX","TRIM64C:chr11:49054103:G:C","TRIM64C",NA,NA,NA,"chr11:49054103","G:C","1","Public",2,"AM021b-X1_PDX, AM021b"
"91","PD53349c_hum","AM021b-X1_PDX","TRPM5:chr11:2414817:C:T","TRPM5",NA,NA,NA,"chr11:2414817","C:T","1","Public",2,"AM021b-X1_PDX, AM021b"
"92","PD53349c_hum","AM021b-X1_PDX","TSC2:chr16:2084309:G:A","TSC2","TSG","pulmonary lymphangioleiomyomatosis (LAM), renal angiomyolipoma, HNSCC","hamartoma, renal cell carcinoma, tuberous sclerosis tuber","chr16:2084309","G:A","1","Public",2,"AM021b-X1_PDX, AM021b"
"93","PD53349c_hum","AM021b-X1_PDX","TTLL3:chr3:9810285:C:T","TTLL3",NA,NA,NA,"chr3:9810285","C:T","1","Public",2,"AM021b-X1_PDX, AM021b"
"94","PD53349c_hum","AM021b-X1_PDX","U2SURP:chr3:143032899:T:C","U2SURP",NA,NA,NA,"chr3:143032899","T:C","1","Public",2,"AM021b-X1_PDX, AM021b"
"95","PD53349c_hum","AM021b-X1_PDX","UBE3A:chr15:25371272:A:G","UBE3A",NA,NA,NA,"chr15:25371272","A:G","1","Public",2,"AM021b-X1_PDX, AM021b"
"96","PD53349c_hum","AM021b-X1_PDX","VCAM1:chr1:100732467:G:T","VCAM1",NA,NA,NA,"chr1:100732467","G:T","1","Public",2,"AM021b-X1_PDX, AM021b"
"97","PD53349c_hum","AM021b-X1_PDX","XIRP1:chr3:39186219:T:C","XIRP1",NA,NA,NA,"chr3:39186219","T:C","1","Public",2,"AM021b-X1_PDX, AM021b"
"98","PD53349c_hum","AM021b-X1_PDX","ZFYVE1:chr14:72974945:A:G","ZFYVE1",NA,NA,NA,"chr14:72974945","A:G","1","Public",2,"AM021b-X1_PDX, AM021b"
"99","PD53349c_hum","AM021b-X1_PDX","ZNF382:chr19:36627365:A:G","ZNF382",NA,NA,NA,"chr19:36627365","A:G","1","Public",2,"AM021b-X1_PDX, AM021b"
"100","PD53349c_hum","AM021b-X1_PDX","ZNF567:chr19:36719847:C:T","ZNF567",NA,NA,NA,"chr19:36719847","C:T","1","Public",2,"AM021b-X1_PDX, AM021b"
"101","PD53349c_hum","AM021b-X1_PDX","ABCA12:chr2:214956728:G:A","ABCA12",NA,NA,NA,"chr2:214956728","G:A","1","Private",1,"AM021b-X1_PDX"
"102","PD53349c_hum","AM021b-X1_PDX","APCDD1L:chr20:58461469:A:C","APCDD1L",NA,NA,NA,"chr20:58461469","A:C","1","Private",1,"AM021b-X1_PDX"
"103","PD53349c_hum","AM021b-X1_PDX","BAIAP3:chr16:1334719:A:G","BAIAP3",NA,NA,NA,"chr16:1334719","A:G","1","Private",1,"AM021b-X1_PDX"
"104","PD53349c_hum","AM021b-X1_PDX","BUB1:chr2:110667797:A:G","BUB1",NA,NA,NA,"chr2:110667797","A:G","1","Private",1,"AM021b-X1_PDX"
"105","PD53349c_hum","AM021b-X1_PDX","C5orf22:chr5:31538507:C:T","C5orf22",NA,NA,NA,"chr5:31538507","C:T","1","Private",1,"AM021b-X1_PDX"
"106","PD53349c_hum","AM021b-X1_PDX","CALR3:chr19:16482508:G:A","CALR3",NA,NA,NA,"chr19:16482508","G:A","1","Private",1,"AM021b-X1_PDX"
"107","PD53349c_hum","AM021b-X1_PDX","CBLN2:chr18:72542010:C:T","CBLN2",NA,NA,NA,"chr18:72542010","C:T","1","Private",1,"AM021b-X1_PDX"
"108","PD53349c_hum","AM021b-X1_PDX","CHD4:chr12:6602038:A:G","CHD4","oncogene","uterine serous carcinoma","","chr12:6602038","A:G","1","Private",1,"AM021b-X1_PDX"
"109","PD53349c_hum","AM021b-X1_PDX","CNTNAP5:chr2:124524449:G:T","CNTNAP5",NA,NA,NA,"chr2:124524449","G:T","1","Private",1,"AM021b-X1_PDX"
"110","PD53349c_hum","AM021b-X1_PDX","DNAH17:chr17:78501795:A:T","DNAH17",NA,NA,NA,"chr17:78501795","A:T","1","Private",1,"AM021b-X1_PDX"
"111","PD53349c_hum","AM021b-X1_PDX","EIPR1:chr2:3338083:C:A","EIPR1",NA,NA,NA,"chr2:3338083","C:A","1","Private",1,"AM021b-X1_PDX"
"112","PD53349c_hum","AM021b-X1_PDX","GSG1L2:chr17:9810598:G:A","GSG1L2",NA,NA,NA,"chr17:9810598","G:A","1","Private",1,"AM021b-X1_PDX"
"113","PD53349c_hum","AM021b-X1_PDX","IGSF1:chrX:131282507:G:T","IGSF1",NA,NA,NA,"chrX:131282507","G:T","1","Private",1,"AM021b-X1_PDX"
"114","PD53349c_hum","AM021b-X1_PDX","ITGA2B:chr17:44378394:C:T","ITGA2B",NA,NA,NA,"chr17:44378394","C:T","1","Private",1,"AM021b-X1_PDX"
"115","PD53349c_hum","AM021b-X1_PDX","KAT6B:chr10:75028904:A:G","KAT6B","TSG, fusion","AML, leiomyoma","","chr10:75028904","A:G","1","Private",1,"AM021b-X1_PDX"
"116","PD53349c_hum","AM021b-X1_PDX","LOXHD1:chr18:46521217:G:T","LOXHD1",NA,NA,NA,"chr18:46521217","G:T","1","Private",1,"AM021b-X1_PDX"
"117","PD53349c_hum","AM021b-X1_PDX","LTBP1:chr2:33257489:G:A","LTBP1",NA,NA,NA,"chr2:33257489","G:A","1","Private",1,"AM021b-X1_PDX"
"118","PD53349c_hum","AM021b-X1_PDX","NEURL4:chr17:7323875:G:A","NEURL4",NA,NA,NA,"chr17:7323875","G:A","1","Private",1,"AM021b-X1_PDX"
"119","PD53349c_hum","AM021b-X1_PDX","NFE2L3:chr7:26184992:G:C","NFE2L3",NA,NA,NA,"chr7:26184992","G:C","1","Private",1,"AM021b-X1_PDX"
"120","PD53349c_hum","AM021b-X1_PDX","NOL9:chr1:6550582:A:G","NOL9",NA,NA,NA,"chr1:6550582","A:G","1","Private",1,"AM021b-X1_PDX"
"121","PD53349c_hum","AM021b-X1_PDX","NOVA2:chr19:45940252:C:A","NOVA2",NA,NA,NA,"chr19:45940252","C:A","1","Private",1,"AM021b-X1_PDX"
"122","PD53349c_hum","AM021b-X1_PDX","P4HA3:chr11:74286328:G:T","P4HA3",NA,NA,NA,"chr11:74286328","G:T","1","Private",1,"AM021b-X1_PDX"
"123","PD53349c_hum","AM021b-X1_PDX","PBX3:chr9:125915759:G:T","PBX3",NA,NA,NA,"chr9:125915759","G:T","1","Private",1,"AM021b-X1_PDX"
"124","PD53349c_hum","AM021b-X1_PDX","POLR1A:chr2:86100156:-:T","POLR1A",NA,NA,NA,"chr2:86100156","-:T","1","Private",1,"AM021b-X1_PDX"
"125","PD53349c_hum","AM021b-X1_PDX","RUNX2:chr6:45431871:C:T","RUNX2",NA,NA,NA,"chr6:45431871","C:T","1","Private",1,"AM021b-X1_PDX"
"126","PD53349c_hum","AM021b-X1_PDX","TBC1D32:chr6:121205149:T:A","TBC1D32",NA,NA,NA,"chr6:121205149","T:A","1","Private",1,"AM021b-X1_PDX"
"127","PD53349c_hum","AM021b-X1_PDX","TRIM34:chr11:5633829:G:A","TRIM34",NA,NA,NA,"chr11:5633829","G:A","1","Private",1,"AM021b-X1_PDX"
"128","PD53349c_hum","AM021b-X1_PDX","TRIM6-TRIM34:chr11:5633829:G:A","TRIM6-TRIM34",NA,NA,NA,"chr11:5633829","G:A","1","Private",1,"AM021b-X1_PDX"
"129","PD53349c_hum","AM021b-X1_PDX","TRPM3:chr9:70618992:C:T","TRPM3",NA,NA,NA,"chr9:70618992","C:T","1","Private",1,"AM021b-X1_PDX"
"130","PD53349c_hum","AM021b-X1_PDX","TTBK1:chr6:43282996:A:G","TTBK1",NA,NA,NA,"chr6:43282996","A:G","1","Private",1,"AM021b-X1_PDX"
"131","PD53349c_hum","AM021b-X1_PDX","VN1R4:chr19:53267156:T:G","VN1R4",NA,NA,NA,"chr19:53267156","T:G","1","Private",1,"AM021b-X1_PDX"
"132","PD53349c_hum","AM021b-X1_PDX","ZC4H2:chrX:64919120:G:A","ZC4H2",NA,NA,NA,"chrX:64919120","G:A","1","Private",1,"AM021b-X1_PDX"
"133","PD53349c_hum","AM021b-X1_PDX","ZNF37A:chr10:38118567:T:C","ZNF37A",NA,NA,NA,"chr10:38118567","T:C","1","Private",1,"AM021b-X1_PDX"
"150","PD53349e","AM021b","AC018755.2:chr19:51627942:C:A","AC018755.2",NA,NA,NA,"chr19:51627942","C:A","1","Public",2,"AM021b-X1_PDX, AM021b"
"151","PD53349e","AM021b","ACSM2B:chr16:20559322:A:G","ACSM2B",NA,NA,NA,"chr16:20559322","A:G","1","Public",2,"AM021b-X1_PDX, AM021b"
"152","PD53349e","AM021b","ADAM22:chr7:88181965:G:T","ADAM22",NA,NA,NA,"chr7:88181965","G:T","1","Public",2,"AM021b-X1_PDX, AM021b"
"153","PD53349e","AM021b","ADGRE1:chr19:6921802:G:T","ADGRE1",NA,NA,NA,"chr19:6921802","G:T","1","Public",2,"AM021b-X1_PDX, AM021b"
"154","PD53349e","AM021b","AHNAK2:chr14:104938902:C:T","AHNAK2",NA,NA,NA,"chr14:104938902","C:T","1","Public",2,"AM021b-X1_PDX, AM021b"
"155","PD53349e","AM021b","AJM1:chr9:136845883:C:T","AJM1",NA,NA,NA,"chr9:136845883","C:T","1","Public",2,"AM021b-X1_PDX, AM021b"
"156","PD53349e","AM021b","ANKHD1-EIF4EBP3:chr5:140529476:T:C","ANKHD1-EIF4EBP3",NA,NA,NA,"chr5:140529476","T:C","1","Public",2,"AM021b-X1_PDX, AM021b"
"157","PD53349e","AM021b","ANKHD1:chr5:140529476:T:C","ANKHD1",NA,NA,NA,"chr5:140529476","T:C","1","Public",2,"AM021b-X1_PDX, AM021b"
"158","PD53349e","AM021b","ANLN:chr7:36417179:A:T","ANLN",NA,NA,NA,"chr7:36417179","A:T","1","Public",2,"AM021b-X1_PDX, AM021b"
"159","PD53349e","AM021b","ARF6:chr14:49893868:T:C","ARF6",NA,NA,NA,"chr14:49893868","T:C","1","Public",2,"AM021b-X1_PDX, AM021b"
"160","PD53349e","AM021b","ARMC5:chr16:31465852:G:T","ARMC5",NA,NA,NA,"chr16:31465852","G:T","1","Public",2,"AM021b-X1_PDX, AM021b"
"161","PD53349e","AM021b","AUTS2:chr7:70790918:C:A","AUTS2",NA,NA,NA,"chr7:70790918","C:A","1","Public",2,"AM021b-X1_PDX, AM021b"
"162","PD53349e","AM021b","B3GALT1:chr2:167869680:G:T","B3GALT1",NA,NA,NA,"chr2:167869680","G:T","1","Public",2,"AM021b-X1_PDX, AM021b"
"163","PD53349e","AM021b","BCL2L13:chr22:17727452:C:G","BCL2L13",NA,NA,NA,"chr22:17727452","C:G","1","Public",2,"AM021b-X1_PDX, AM021b"
"164","PD53349e","AM021b","C2CD2L:chr11:119114269:C:T","C2CD2L",NA,NA,NA,"chr11:119114269","C:T","1","Public",2,"AM021b-X1_PDX, AM021b"
"165","PD53349e","AM021b","CACNA1E:chr1:181758853:C:T","CACNA1E",NA,NA,NA,"chr1:181758853","C:T","1","Public",2,"AM021b-X1_PDX, AM021b"
"166","PD53349e","AM021b","CASS4:chr20:56458634:G:A","CASS4",NA,NA,NA,"chr20:56458634","G:A","1","Public",2,"AM021b-X1_PDX, AM021b"
"167","PD53349e","AM021b","CEP350:chr1:179996565:T:C","CEP350",NA,NA,NA,"chr1:179996565","T:C","1","Public",2,"AM021b-X1_PDX, AM021b"
"168","PD53349e","AM021b","CFHR5:chr1:196996137:A:G","CFHR5",NA,NA,NA,"chr1:196996137","A:G","1","Public",2,"AM021b-X1_PDX, AM021b"
"169","PD53349e","AM021b","CGN:chr1:151520173:C:A","CGN",NA,NA,NA,"chr1:151520173","C:A","1","Public",2,"AM021b-X1_PDX, AM021b"
"170","PD53349e","AM021b","CNOT6:chr5:180574025:T:C","CNOT6",NA,NA,NA,"chr5:180574025","T:C","1","Public",2,"AM021b-X1_PDX, AM021b"
"171","PD53349e","AM021b","COBL:chr7:51028607:C:A","COBL",NA,NA,NA,"chr7:51028607","C:A","1","Public",2,"AM021b-X1_PDX, AM021b"
"172","PD53349e","AM021b","CRAMP1:chr16:1666156:C:T","CRAMP1",NA,NA,NA,"chr16:1666156","C:T","1","Public",2,"AM021b-X1_PDX, AM021b"
"173","PD53349e","AM021b","CSGALNACT1:chr8:19505364:G:C","CSGALNACT1",NA,NA,NA,"chr8:19505364","G:C","1","Public",2,"AM021b-X1_PDX, AM021b"
"174","PD53349e","AM021b","CWH43:chr4:48988534:T:C","CWH43",NA,NA,NA,"chr4:48988534","T:C","1","Public",2,"AM021b-X1_PDX, AM021b"
"175","PD53349e","AM021b","DCHS1:chr11:6623744:G:A","DCHS1",NA,NA,NA,"chr11:6623744","G:A","1","Public",2,"AM021b-X1_PDX, AM021b"
"176","PD53349e","AM021b","DHX37:chr12:124954190:CTC:-","DHX37",NA,NA,NA,"chr12:124954190","CTC:-","1","Public",2,"AM021b-X1_PDX, AM021b"
"177","PD53349e","AM021b","DNAH9:chr17:11894484:G:C","DNAH9",NA,NA,NA,"chr17:11894484","G:C","1","Public",2,"AM021b-X1_PDX, AM021b"
"178","PD53349e","AM021b","ECI2:chr6:4126178:C:T","ECI2",NA,NA,NA,"chr6:4126178","C:T","1","Public",2,"AM021b-X1_PDX, AM021b"
"179","PD53349e","AM021b","ECI2:chr6:4127761:C:T","ECI2",NA,NA,NA,"chr6:4127761","C:T","1","Public",2,"AM021b-X1_PDX, AM021b"
"180","PD53349e","AM021b","EIF3A:chr10:119037239:C:T","EIF3A",NA,NA,NA,"chr10:119037239","C:T","1","Public",2,"AM021b-X1_PDX, AM021b"
"181","PD53349e","AM021b","FAAP100:chr17:81550864:G:A","FAAP100",NA,NA,NA,"chr17:81550864","G:A","1","Public",2,"AM021b-X1_PDX, AM021b"
"182","PD53349e","AM021b","FAM217A:chr6:4069116:C:T","FAM217A",NA,NA,NA,"chr6:4069116","C:T","1","Public",2,"AM021b-X1_PDX, AM021b"
"183","PD53349e","AM021b","FBXL2:chr3:33384193:C:T","FBXL2",NA,NA,NA,"chr3:33384193","C:T","1","Public",2,"AM021b-X1_PDX, AM021b"
"184","PD53349e","AM021b","FKBP6:chr7:73331763:T:G","FKBP6",NA,NA,NA,"chr7:73331763","T:G","1","Public",2,"AM021b-X1_PDX, AM021b"
"185","PD53349e","AM021b","FRAS1:chr4:78438913:T:C","FRAS1",NA,NA,NA,"chr4:78438913","T:C","1","Public",2,"AM021b-X1_PDX, AM021b"
"186","PD53349e","AM021b","GAL3ST3:chr11:66042627:C:A","GAL3ST3",NA,NA,NA,"chr11:66042627","C:A","1","Public",2,"AM021b-X1_PDX, AM021b"
"187","PD53349e","AM021b","GALNT14:chr2:30924789:G:A","GALNT14",NA,NA,NA,"chr2:30924789","G:A","1","Public",2,"AM021b-X1_PDX, AM021b"
"188","PD53349e","AM021b","GBF1:chr10:102370828:C:T","GBF1",NA,NA,NA,"chr10:102370828","C:T","1","Public",2,"AM021b-X1_PDX, AM021b"
"189","PD53349e","AM021b","H1-4:chr6:26157033:G:A","H1-4",NA,NA,NA,"chr6:26157033","G:A","1","Public",2,"AM021b-X1_PDX, AM021b"
"190","PD53349e","AM021b","HAS1:chr19:51714086:G:A","HAS1",NA,NA,NA,"chr19:51714086","G:A","1","Public",2,"AM021b-X1_PDX, AM021b"
"191","PD53349e","AM021b","HSPE1-MOB4:chr2:197501187:A:G","HSPE1-MOB4",NA,NA,NA,"chr2:197501187","A:G","1","Public",2,"AM021b-X1_PDX, AM021b"
"192","PD53349e","AM021b","HSPE1:chr2:197501187:A:G","HSPE1",NA,NA,NA,"chr2:197501187","A:G","1","Public",2,"AM021b-X1_PDX, AM021b"
"193","PD53349e","AM021b","IL1R1:chr2:102164859:T:C","IL1R1",NA,NA,NA,"chr2:102164859","T:C","1","Public",2,"AM021b-X1_PDX, AM021b"
"194","PD53349e","AM021b","ISG20L2:chr1:156724202:A:G","ISG20L2",NA,NA,NA,"chr1:156724202","A:G","1","Public",2,"AM021b-X1_PDX, AM021b"
"195","PD53349e","AM021b","JMY:chr5:79237294:C:T","JMY",NA,NA,NA,"chr5:79237294","C:T","1","Public",2,"AM021b-X1_PDX, AM021b"
"196","PD53349e","AM021b","KIF5B:chr10:32055955:A:G","KIF5B","fusion","NSCLC, Spitzoid tumour","","chr10:32055955","A:G","1","Public",2,"AM021b-X1_PDX, AM021b"
"197","PD53349e","AM021b","KRAS:chr12:25245321:G:T","KRAS","oncogene","pancreatic, colorectal, lung, thyroid, AML, other tumour types","","chr12:25245321","G:T","1","Public",2,"AM021b-X1_PDX, AM021b"
"198","PD53349e","AM021b","KY:chr3:134610345:G:T","KY",NA,NA,NA,"chr3:134610345","G:T","1","Public",2,"AM021b-X1_PDX, AM021b"
"199","PD53349e","AM021b","LEMD1:chr1:205384340:G:A","LEMD1",NA,NA,NA,"chr1:205384340","G:A","1","Public",2,"AM021b-X1_PDX, AM021b"
"200","PD53349e","AM021b","LRTM2:chr12:1834688:C:T","LRTM2",NA,NA,NA,"chr12:1834688","C:T","1","Public",2,"AM021b-X1_PDX, AM021b"
"201","PD53349e","AM021b","MED14:chrX:40655008:A:T","MED14",NA,NA,NA,"chrX:40655008","A:T","1","Public",2,"AM021b-X1_PDX, AM021b"
"202","PD53349e","AM021b","MEGF8:chr19:42335189:C:T","MEGF8",NA,NA,NA,"chr19:42335189","C:T","1","Public",2,"AM021b-X1_PDX, AM021b"
"203","PD53349e","AM021b","MMAB:chr12:109561456:G:A","MMAB",NA,NA,NA,"chr12:109561456","G:A","1","Public",2,"AM021b-X1_PDX, AM021b"
"204","PD53349e","AM021b","MUC2:chr11:1081673:C:G","MUC2",NA,NA,NA,"chr11:1081673","C:G","1","Public",2,"AM021b-X1_PDX, AM021b"
"205","PD53349e","AM021b","NBAS:chr2:15275591:A:G","NBAS",NA,NA,NA,"chr2:15275591","A:G","1","Public",2,"AM021b-X1_PDX, AM021b"
"206","PD53349e","AM021b","NEBL:chr10:20785796:G:A","NEBL",NA,NA,NA,"chr10:20785796","G:A","1","Public",2,"AM021b-X1_PDX, AM021b"
"207","PD53349e","AM021b","NOD2:chr16:50711066:G:C","NOD2",NA,NA,NA,"chr16:50711066","G:C","1","Public",2,"AM021b-X1_PDX, AM021b"
"208","PD53349e","AM021b","NOP2:chr12:6563922:G:A","NOP2",NA,NA,NA,"chr12:6563922","G:A","1","Public",2,"AM021b-X1_PDX, AM021b"
"209","PD53349e","AM021b","NSUN3:chr3:94084140:T:C","NSUN3",NA,NA,NA,"chr3:94084140","T:C","1","Public",2,"AM021b-X1_PDX, AM021b"
"210","PD53349e","AM021b","OAS1:chr12:112911083:C:A","OAS1",NA,NA,NA,"chr12:112911083","C:A","1","Public",2,"AM021b-X1_PDX, AM021b"
"211","PD53349e","AM021b","OR1A2:chr17:3197904:C:A","OR1A2",NA,NA,NA,"chr17:3197904","C:A","1","Public",2,"AM021b-X1_PDX, AM021b"
"212","PD53349e","AM021b","PAPOLG:chr2:60794100:G:C","PAPOLG",NA,NA,NA,"chr2:60794100","G:C","1","Public",2,"AM021b-X1_PDX, AM021b"
"213","PD53349e","AM021b","PCDHB16:chr5:141184759:G:T","PCDHB16",NA,NA,NA,"chr5:141184759","G:T","1","Public",2,"AM021b-X1_PDX, AM021b"
"214","PD53349e","AM021b","PCLO:chr7:83154876:A:G","PCLO",NA,NA,NA,"chr7:83154876","A:G","1","Public",2,"AM021b-X1_PDX, AM021b"
"215","PD53349e","AM021b","PJA1:chrX:69161336:A:C","PJA1",NA,NA,NA,"chrX:69161336","A:C","1","Public",2,"AM021b-X1_PDX, AM021b"
"216","PD53349e","AM021b","PKNOX2:chr11:125385618:T:C","PKNOX2",NA,NA,NA,"chr11:125385618","T:C","1","Public",2,"AM021b-X1_PDX, AM021b"
"217","PD53349e","AM021b","PTK2B:chr8:27432320:G:T","PTK2B",NA,NA,NA,"chr8:27432320","G:T","1","Public",2,"AM021b-X1_PDX, AM021b"
"218","PD53349e","AM021b","RABGGTA:chr14:24267694:T:C","RABGGTA",NA,NA,NA,"chr14:24267694","T:C","1","Public",2,"AM021b-X1_PDX, AM021b"
"219","PD53349e","AM021b","RPL38:chr17:74204142:G:T","RPL38",NA,NA,NA,"chr17:74204142","G:T","1","Public",2,"AM021b-X1_PDX, AM021b"
"220","PD53349e","AM021b","RPRD1A:chr18:36026986:C:A","RPRD1A",NA,NA,NA,"chr18:36026986","C:A","1","Public",2,"AM021b-X1_PDX, AM021b"
"221","PD53349e","AM021b","SAFB2:chr19:5622585:T:A","SAFB2",NA,NA,NA,"chr19:5622585","T:A","1","Public",2,"AM021b-X1_PDX, AM021b"
"222","PD53349e","AM021b","SHBG:chr17:7631228:T:C","SHBG",NA,NA,NA,"chr17:7631228","T:C","1","Public",2,"AM021b-X1_PDX, AM021b"
"223","PD53349e","AM021b","SIGLEC5:chr19:51627942:C:A","SIGLEC5",NA,NA,NA,"chr19:51627942","C:A","1","Public",2,"AM021b-X1_PDX, AM021b"
"224","PD53349e","AM021b","SLC12A3:chr16:56880219:G:A","SLC12A3",NA,NA,NA,"chr16:56880219","G:A","1","Public",2,"AM021b-X1_PDX, AM021b"
"225","PD53349e","AM021b","SLC6A18:chr5:1235569:T:C","SLC6A18",NA,NA,NA,"chr5:1235569","T:C","1","Public",2,"AM021b-X1_PDX, AM021b"
"226","PD53349e","AM021b","SNTN:chr3:63663742:A:G","SNTN",NA,NA,NA,"chr3:63663742","A:G","1","Public",2,"AM021b-X1_PDX, AM021b"
"227","PD53349e","AM021b","SOS1:chr2:38986177:G:A","SOS1",NA,NA,NA,"chr2:38986177","G:A","1","Public",2,"AM021b-X1_PDX, AM021b"
"228","PD53349e","AM021b","SOX30:chr5:157646767:A:G","SOX30",NA,NA,NA,"chr5:157646767","A:G","1","Public",2,"AM021b-X1_PDX, AM021b"
"229","PD53349e","AM021b","TAS1R2:chr1:18840074:A:G","TAS1R2",NA,NA,NA,"chr1:18840074","A:G","1","Public",2,"AM021b-X1_PDX, AM021b"
"230","PD53349e","AM021b","TENM3:chr4:182754471:C:A","TENM3",NA,NA,NA,"chr4:182754471","C:A","1","Public",2,"AM021b-X1_PDX, AM021b"
"231","PD53349e","AM021b","TERB1:chr16:66754978:A:G","TERB1",NA,NA,NA,"chr16:66754978","A:G","1","Public",2,"AM021b-X1_PDX, AM021b"
"232","PD53349e","AM021b","TEX14:chr17:58579727:G:A","TEX14",NA,NA,NA,"chr17:58579727","G:A","1","Public",2,"AM021b-X1_PDX, AM021b"
"233","PD53349e","AM021b","TGM6:chr20:2403606:A:G","TGM6",NA,NA,NA,"chr20:2403606","A:G","1","Public",2,"AM021b-X1_PDX, AM021b"
"234","PD53349e","AM021b","TNFRSF6B:chr20:63697083:C:G","TNFRSF6B",NA,NA,NA,"chr20:63697083","C:G","1","Public",2,"AM021b-X1_PDX, AM021b"
"235","PD53349e","AM021b","TPO:chr2:1414449:C:A","TPO",NA,NA,NA,"chr2:1414449","C:A","1","Public",2,"AM021b-X1_PDX, AM021b"
"236","PD53349e","AM021b","TPP1:chr11:6617630:T:C","TPP1",NA,NA,NA,"chr11:6617630","T:C","1","Public",2,"AM021b-X1_PDX, AM021b"
"237","PD53349e","AM021b","TRAF3IP3:chr1:209775447:G:T","TRAF3IP3",NA,NA,NA,"chr1:209775447","G:T","1","Public",2,"AM021b-X1_PDX, AM021b"
"238","PD53349e","AM021b","TRIL:chr7:28957322:T:C","TRIL",NA,NA,NA,"chr7:28957322","T:C","1","Public",2,"AM021b-X1_PDX, AM021b"
"239","PD53349e","AM021b","TRIM64C:chr11:49054103:G:C","TRIM64C",NA,NA,NA,"chr11:49054103","G:C","1","Public",2,"AM021b-X1_PDX, AM021b"
"240","PD53349e","AM021b","TRPM5:chr11:2414817:C:T","TRPM5",NA,NA,NA,"chr11:2414817","C:T","1","Public",2,"AM021b-X1_PDX, AM021b"
"241","PD53349e","AM021b","TSC2:chr16:2084309:G:A","TSC2","TSG","pulmonary lymphangioleiomyomatosis (LAM), renal angiomyolipoma, HNSCC","hamartoma, renal cell carcinoma, tuberous sclerosis tuber","chr16:2084309","G:A","1","Public",2,"AM021b-X1_PDX, AM021b"
"242","PD53349e","AM021b","TTLL3:chr3:9810285:C:T","TTLL3",NA,NA,NA,"chr3:9810285","C:T","1","Public",2,"AM021b-X1_PDX, AM021b"
"243","PD53349e","AM021b","U2SURP:chr3:143032899:T:C","U2SURP",NA,NA,NA,"chr3:143032899","T:C","1","Public",2,"AM021b-X1_PDX, AM021b"
"244","PD53349e","AM021b","UBE3A:chr15:25371272:A:G","UBE3A",NA,NA,NA,"chr15:25371272","A:G","1","Public",2,"AM021b-X1_PDX, AM021b"
"245","PD53349e","AM021b","VCAM1:chr1:100732467:G:T","VCAM1",NA,NA,NA,"chr1:100732467","G:T","1","Public",2,"AM021b-X1_PDX, AM021b"
"246","PD53349e","AM021b","XIRP1:chr3:39186219:T:C","XIRP1",NA,NA,NA,"chr3:39186219","T:C","1","Public",2,"AM021b-X1_PDX, AM021b"
"247","PD53349e","AM021b","ZFYVE1:chr14:72974945:A:G","ZFYVE1",NA,NA,NA,"chr14:72974945","A:G","1","Public",2,"AM021b-X1_PDX, AM021b"
"248","PD53349e","AM021b","ZNF382:chr19:36627365:A:G","ZNF382",NA,NA,NA,"chr19:36627365","A:G","1","Public",2,"AM021b-X1_PDX, AM021b"
"249","PD53349e","AM021b","ZNF567:chr19:36719847:C:T","ZNF567",NA,NA,NA,"chr19:36719847","C:T","1","Public",2,"AM021b-X1_PDX, AM021b"
"283","PD53349e","AM021b","APOB:chr2:21023601:C:A","APOB",NA,NA,NA,"chr2:21023601","C:A","1","Private",1,"AM021b"
"284","PD53349e","AM021b","ARHGEF2:chr1:155961881:G:A","ARHGEF2",NA,NA,NA,"chr1:155961881","G:A","1","Private",1,"AM021b"
"285","PD53349e","AM021b","CCDC180:chr9:97362278:C:T","CCDC180",NA,NA,NA,"chr9:97362278","C:T","1","Private",1,"AM021b"
"286","PD53349e","AM021b","DNAH11:chr7:21892499:C:A","DNAH11",NA,NA,NA,"chr7:21892499","C:A","1","Private",1,"AM021b"
"287","PD53349e","AM021b","DSPP:chr4:87614484:A:G","DSPP",NA,NA,NA,"chr4:87614484","A:G","1","Private",1,"AM021b"
"288","PD53349e","AM021b","EPHA1:chr7:143397935:G:A","EPHA1",NA,NA,NA,"chr7:143397935","G:A","1","Private",1,"AM021b"
"289","PD53349e","AM021b","HEATR3:chr16:50070192:G:C","HEATR3",NA,NA,NA,"chr16:50070192","G:C","1","Private",1,"AM021b"
"290","PD53349e","AM021b","ISOC1:chr5:129094777:C:G","ISOC1",NA,NA,NA,"chr5:129094777","C:G","1","Private",1,"AM021b"
"291","PD53349e","AM021b","KCNQ3:chr8:132129553:G:A","KCNQ3",NA,NA,NA,"chr8:132129553","G:A","1","Private",1,"AM021b"
"292","PD53349e","AM021b","KDM5A:chr12:356463:C:T","KDM5A","oncogene, fusion","AML","","chr12:356463","C:T","1","Private",1,"AM021b"
"293","PD53349e","AM021b","MOK:chr14:102250888:A:G","MOK",NA,NA,NA,"chr14:102250888","A:G","1","Private",1,"AM021b"
"294","PD53349e","AM021b","NUS1:chr6:117694169:C:G","NUS1",NA,NA,NA,"chr6:117694169","C:G","1","Private",1,"AM021b"
"295","PD53349e","AM021b","PRUNE2:chr9:76705101:C:T","PRUNE2",NA,NA,NA,"chr9:76705101","C:T","1","Private",1,"AM021b"
"296","PD53349e","AM021b","TECPR2:chr14:102450641:C:T","TECPR2",NA,NA,NA,"chr14:102450641","C:T","1","Private",1,"AM021b"
"297","PD53349e","AM021b","TLR6:chr4:38828597:G:A","TLR6",NA,NA,NA,"chr4:38828597","G:A","1","Private",1,"AM021b"
"298","PD53349e","AM021b","ZG16:chr16:29780218:C:T","ZG16",NA,NA,NA,"chr16:29780218","C:T","1","Private",1,"AM021b"
